{"deckName":"Hivean","deck":null,"themeColor":{"red":0.188235313,"green":0.764705956,"blue":0.0627451,"alpha":1.0}}